{
  "parent": "minecraftbyexample:block/mbe30_inventory_basic_model",
  "display": {
    "thirdperson_righthand": {
      "rotation": [ 75, 315, 0 ],
      "translation": [ 0.00, 2.50, 0.00 ],
      "scale": [ 0.38, 0.38, 0.38 ]
    },
    "thirdperson_lefthand": {
      "rotation": [ 75, 315, 0 ],
      "translation": [ 0.00, 2.50, 0.00 ],
      "scale": [ 0.38, 0.38, 0.38 ]
    },
    "firstperson_righthand": {
      "rotation": [ 0, 111, 0 ],
      "translation": [ 0.00, 4.25, 0.00 ],
      "scale": [ 0.40, 0.40, 0.40 ]
    },
    "firstperson_lefthand": {
      "rotation": [ 0, 107, 0 ],
      "translation": [ 0.00, 4.25, 0.00 ],
      "scale": [ 0.40, 0.40, 0.40 ]
    },
    "gui": {
      "rotation": [ 30, 225, 0 ],
      "translation": [ 0.00, 2.50, 0.00 ],
      "scale": [ 0.70, 0.70, 0.70 ]
    },
    "head": {
      "rotation": [ 0, 180, 0 ],
      "translation": [ 0.00, 0.00, 0.00 ],
      "scale": [ 1.00, 1.00, 1.00 ]
    },
    "fixed": {
      "rotation": [ 0, 4, 0 ],
      "translation": [ 0.00, 2.25, 0.00 ],
      "scale": [ 0.50, 0.50, 0.50 ]
    },
    "ground": {
      "rotation": [ 0, 0, 0 ],
      "translation": [ 0.00, 3.00, 0.00 ],
      "scale": [ 0.25, 0.25, 0.25 ]
    }
  }
}